{
    "name": "tinyprogressbar",
    "title": "ProgressBar - jQuery Tiny Progress Bar",
    "description": "ProgressBar is a tiny and simple jQuery plugin that displays status of a determinate or indeterminate process.",
    "keywords": [
        "progressbar",
        "progress",
		"bar",
		"activity",
		"state",
		"TinyTools",
		"Process",
		"css",
		"ui",
		"jquery"
    ],
    "version": "1.0.2",
    "author": {
        "name": "Mehrdad Noroozi Eghbali"
    },
    "maintainers": [
        {
            "name": "Mehrdad Noroozi Eghbali",
            "email": "mehrdad@codesells.com"
        }
    ],
    "licenses": [
        {
            "type": "MIT",
            "url": "https://github.com/CodeSells/ProgressBar/blob/master/LICENSE"
        }
    ],
    "bugs": "http://tinytools.codesells.com/Contact",
    "homepage": "http://tinytools.codesells.com/ProgressBar",
    "docs": "http://tinytools.codesells.com/ProgressBar",
    "download": "http://tinytools.codesells.com/ProgressBar",
    "dependencies": {
        "jquery": ">=1.9.1"
    }
}